{
  "$schema": "../schema.json",
  "slots": {
    "TOOLBOX": {
      "$comment": "Only relevant if the toolbox is present (i.e. network tool)",
      "bottom": 82,
      "right": -10,
      "grid": "BREAK_AFTER_3COLS"
    }
  },
  "images": {
    "toolbox": {
      "texture": "guis/extra_panels.png",
      "textureWidth": 128,
      "textureHeight": 128,
      "srcRect": [60, 60, 68, 68]
    }
  },
  "widgets": {
    "toolbox": {
      "$comment": "The toolbox found on some screens",
      "right": -2,
      "bottom": 90,
      "width": 68,
      "height": 68
    }
  }
}
