{
  "$schema": "../schema.json",
  "includes": ["terminal.json"],
  "slots": {
    "CRAFTING_GRID": {
      "left": 37,
      "bottom": 154,
      "grid": "BREAK_AFTER_3COLS"
    },
    "CRAFTING_RESULT": {
      "left": 131,
      "bottom": 136
    }
  },
  "text": {
    "dialog_title": {
      "text": {
        "translate": "gui.ae2.Terminal"
      },
      "position": {
        "left": 8,
        "top": 6
      }
    },
    "crafting_grid_title": {
      "text": {
        "translate": "gui.ae2.CraftingTerminal"
      },
      "position": {
        "left": 8,
        "bottom": 168
      }
    }
  },
  "terminalStyle": {
    "header": {
      "texture": "guis/crafting.png",
      "srcRect": [0, 0, 195, 17]
    },
    "firstRow": {
      "texture": "guis/crafting.png",
      "srcRect": [0, 17, 195, 18]
    },
    "row": {
      "texture": "guis/crafting.png",
      "srcRect": [0, 35, 195, 18]
    },
    "lastRow": {
      "texture": "guis/crafting.png",
      "srcRect": [0, 53, 195, 18]
    },
    "bottom": {
      "texture": "guis/crafting.png",
      "srcRect": [0, 71, 195, 170]
    }
  },
  "widgets": {
    "clearCraftingGrid": {
      "left": 92,
      "bottom": 156
    },
    "clearToPlayerInv": {
      "left": 102,
      "bottom": 156
    }
  }
}
