{
  "$schema": "../schema.json",
  "includes": [
    "terminal.json",
    "encoding/crafting.json",
    "encoding/processing.json"
  ],
  "slots": {
    "BLANK_PATTERN": {
      "left": 147,
      "bottom": 161
    },
    "ENCODED_PATTERN": {
      "left": 147,
      "bottom": 118
    }
  },
  "text": {
    "dialog_title": {
      "text": {
        "translate": "gui.ae2.Terminal"
      },
      "position": {
        "left": 8,
        "top": 6
      }
    },
    "crafting_grid_title": {
      "text": {
        "translate": "gui.ae2.PatternEncoding"
      },
      "position": {
        "left": 8,
        "bottom": 175
      }
    }
  },
  "terminalStyle": {
    "header": {
      "texture": "guis/pattern.png",
      "srcRect": [0, 0, 195, 17]
    },
    "firstRow": {
      "texture": "guis/pattern.png",
      "srcRect": [0, 17, 195, 18]
    },
    "row": {
      "texture": "guis/pattern.png",
      "srcRect": [0, 35, 195, 18]
    },
    "lastRow": {
      "texture": "guis/pattern.png",
      "srcRect": [0, 53, 195, 18]
    },
    "bottom": {
      "texture": "guis/pattern.png",
      "srcRect": [0, 71, 195, 178]
    }
  },
  "widgets": {
    "craftingPatternMode": {
      "left": 173,
      "bottom": 177
    },
    "processingPatternMode": {
      "left": 173,
      "bottom": 177
    },
    "encodePattern": {
      "left": 147,
      "bottom": 142
    }
  }
}
