{
  "$schema": "../schema.json",
  "includes": ["base_terminal.json"],
  "slots": {
    "BIOMETRIC_CARD": {
      "left": 37,
      "bottom": 115
    },
    "MACHINE_INPUT": {
      "left": 212,
      "top": 10
    },
    "MACHINE_OUTPUT": {
      "left": 212,
      "top": 68
    }
  },
  "text": {
    "dialog_title": {
      "text": {
        "translate": "gui.ae2.Security"
      },
      "position": {
        "left": 8,
        "top": 6
      }
    },
    "security_card_editor": {
      "text": {
        "translate": "gui.ae2.SecurityCardEditor"
      },
      "position": {
        "left": 8,
        "bottom": 128
      }
    }
  },
  "terminalStyle": {
    "sortable": false,
    "header": {
      "texture": "guis/security_station.png",
      "srcRect": [0, 0, 195, 17]
    },
    "firstRow": {
      "texture": "guis/security_station.png",
      "srcRect": [0, 17, 195, 18]
    },
    "row": {
      "texture": "guis/security_station.png",
      "srcRect": [0, 35, 195, 18]
    },
    "lastRow": {
      "texture": "guis/security_station.png",
      "srcRect": [0, 53, 195, 18]
    },
    "bottom": {
      "texture": "guis/security_station.png",
      "srcRect": [0, 71, 195, 130]
    }
  },
  "images": {
    "encodingPanel": {
      "texture": "guis/security_station.png",
      "srcRect": [198, 0, 44, 98]
    }
  },
  "widgets": {
    "permissionInject": {
      "left": 56,
      "bottom": 116
    },
    "permissionExtract": {
      "left": 74,
      "bottom": 116
    },
    "permissionCraft": {
      "left": 92,
      "bottom": 116
    },
    "permissionBuild": {
      "left": 110,
      "bottom": 116
    },
    "permissionSecurity": {
      "left": 128,
      "bottom": 116
    },
    "encodingPanel": {
      "right": -3,
      "top": 0
    }
  }
}
