{
  "$schema": "schema.json",
  "includes": ["crafting_cpu.json"],
  "widgets": {
    "back": {
      "left": 213,
      "top": -4,
      "hideEdge": true
    },
    "selectCpuList": {
      "$comment": "List of available crafting CPU and their status",
      "left": -94,
      "top": 4,
      "width": 94,
      "height": 164
    },
    "selectCpuScrollbar": {
      "left": -16,
      "top": 23,
      "width": 12,
      "height": 137
    }
  },
  "text": {
    "cpuListTitle": {
      "position": {
        "top": 12,
        "left": -86
      },
      "text": {
        "text": "Crafting CPUs"
      }
    }
  },
  "images": {
    "cpuList": {
      "texture": "guis/cpu_selector.png",
      "textureWidth": 256,
      "textureHeight": 256,
      "srcRect": [0, 0, 94, 164]
    },
    "cpuListButton": {
      "texture": "guis/cpu_selector.png",
      "textureWidth": 256,
      "textureHeight": 256,
      "srcRect": [100, 0, 67, 22]
    }
  }
}
