{
  "$schema": "schema.json",
  "includes": ["common/common.json", "common/player_inventory.json"],
  "background": {
    "texture": "guis/energy_level_emitter.png",
    "srcRect": [0, 0, 176, 184]
  },
  "text": {
    "dialog_title": {
      "text": {
        "translate": "gui.ae2.EnergyLevelEmitter"
      },
      "position": {
        "left": 8,
        "top": 6
      }
    }
  },
  "widgets": {
    "level": {
      "left": 20,
      "top": 17,
      "width": 138,
      "height": 62
    },
    "levelInput": {
      "left": 23,
      "top": 42,
      "width": 118,
      "height": 12
    }
  }
}
