{
  "$schema": "schema.json",
  "includes": ["common/common.json", "common/player_inventory.json"],
  "background": {
    "texture": "guis/wireless.png",
    "srcRect": [0, 0, 176, 166]
  },
  "slots": {
    "STORAGE": {
      "left": 80,
      "top": 47
    }
  },
  "text": {
    "dialog_title": {
      "text": {
        "translate": "gui.ae2.Wireless"
      },
      "position": {
        "left": 8,
        "top": 7
      }
    },
    "range": {
      "position": {
        "left": 88,
        "top": 20
      },
      "align": "CENTER"
    },
    "energy_use": {
      "position": {
        "left": 88,
        "top": 32
      },
      "align": "CENTER"
    }
  }
}
